{
  "hash": "1028d6a9",
  "configHash": "e199f7ce",
  "lockfileHash": "cc51cb15",
  "browserHash": "295224e3",
  "optimized": {
    "@angular/common": {
      "src": "../../../../../../node_modules/@angular/common/fesm2022/common.mjs",
      "file": "@angular_common.js",
      "fileHash": "1a84faad",
      "needsInterop": false
    },
    "@angular/core": {
      "src": "../../../../../../node_modules/@angular/core/fesm2022/core.mjs",
      "file": "@angular_core.js",
      "fileHash": "6af311a7",
      "needsInterop": false
    },
    "@angular/forms": {
      "src": "../../../../../../node_modules/@angular/forms/fesm2022/forms.mjs",
      "file": "@angular_forms.js",
      "fileHash": "2003a3ce",
      "needsInterop": false
    },
    "@angular/platform-browser": {
      "src": "../../../../../../node_modules/@angular/platform-browser/fesm2022/platform-browser.mjs",
      "file": "@angular_platform-browser.js",
      "fileHash": "be02faa0",
      "needsInterop": false
    },
    "@angular/router": {
      "src": "../../../../../../node_modules/@angular/router/fesm2022/router.mjs",
      "file": "@angular_router.js",
      "fileHash": "d39cfce2",
      "needsInterop": false
    },
    "jwt-decode": {
      "src": "../../../../../../node_modules/jwt-decode/build/esm/index.js",
      "file": "jwt-decode.js",
      "fileHash": "8b855971",
      "needsInterop": false
    },
    "rxjs": {
      "src": "../../../../../../node_modules/rxjs/dist/esm5/index.js",
      "file": "rxjs.js",
      "fileHash": "c7fc2b71",
      "needsInterop": false
    },
    "@angular/common/http": {
      "src": "../../../../../../node_modules/@angular/common/fesm2022/http.mjs",
      "file": "@angular_common_http.js",
      "fileHash": "078d73ad",
      "needsInterop": false
    },
    "rxjs/operators": {
      "src": "../../../../../../node_modules/rxjs/dist/esm5/operators/index.js",
      "file": "rxjs_operators.js",
      "fileHash": "17968cb1",
      "needsInterop": false
    }
  },
  "chunks": {
    "chunk-GIWMCQH5": {
      "file": "chunk-GIWMCQH5.js"
    },
    "chunk-MS35RGSK": {
      "file": "chunk-MS35RGSK.js"
    },
    "chunk-BCUUHALB": {
      "file": "chunk-BCUUHALB.js"
    },
    "chunk-X2J3XAG2": {
      "file": "chunk-X2J3XAG2.js"
    },
    "chunk-TGJDCTWR": {
      "file": "chunk-TGJDCTWR.js"
    },
    "chunk-3Z4NRYXA": {
      "file": "chunk-3Z4NRYXA.js"
    },
    "chunk-BKZ2WJQX": {
      "file": "chunk-BKZ2WJQX.js"
    },
    "chunk-WDMUDEB6": {
      "file": "chunk-WDMUDEB6.js"
    }
  }
}